{
  "creator": "Yosys 0.9+4288 (git sha1 b2e97174, x86_64-conda_cos6-linux-gnu-gcc 1.24.0.133_b0863d8_dirty -fvisibility-inlines-hidden -fmessage-length=0 -march=nocona -mtune=haswell -ftree-vectorize -fPIC -fstack-protector-strong -fno-plt -O2 -ffunction-sections -fdebug-prefix-map=/home/runner/work/conda-eda/conda-eda/workdir/conda-env/conda-bld/yosys_1630451134687/work=/usr/local/src/conda/yosys-0.9_5586_gb2e97174 -fdebug-prefix-map=/home/carlos/miniconda3/envs/fpga=/usr/local/src/conda-prefix -fPIC -Os -fno-merge-constants)",
  "modules": {
    "mult": {
      "attributes": {
        "top": "00000000000000000000000000000001",
        "src": "mult.v:1.1-108.10"
      },
      "parameter_default_values": {
        "ADD": "011",
        "CHECK": "001",
        "END": "100",
        "SHIFT": "010",
        "START": "000",
        "START1": "101"
      },
      "ports": {
        "reset": {
          "direction": "input",
          "bits": [ 2 ]
        },
        "clk": {
          "direction": "input",
          "bits": [ 3 ]
        },
        "init": {
          "direction": "input",
          "bits": [ 4 ]
        },
        "done": {
          "direction": "output",
          "bits": [ 5 ]
        },
        "result": {
          "direction": "output",
          "bits": [ 6, 7, 8, 9, 10, 11, 12, 13, 14, 15, 16, 17, 18, 19, 20, 21, 22, 23, 24, 25, 26, 27, 28, 29, 30, 31, 32, 33, 34, 35, 36, 37 ]
        },
        "op_A": {
          "direction": "input",
          "bits": [ 38, 39, 40, 41, 42, 43, 44, 45, 46, 47, 48, 49, 50, 51, 52, 53 ]
        },
        "op_B": {
          "direction": "input",
          "bits": [ 54, 55, 56, 57, 58, 59, 60, 61, 62, 63, 64, 65, 66, 67, 68, 69 ]
        }
      },
      "cells": {
        "$add$mult.v:76$5": {
          "hide_name": 1,
          "type": "$add",
          "parameters": {
            "A_SIGNED": "00000000000000000000000000000000",
            "A_WIDTH": "00000000000000000000000000100000",
            "B_SIGNED": "00000000000000000000000000000000",
            "B_WIDTH": "00000000000000000000000000010000",
            "Y_WIDTH": "00000000000000000000000000100000"
          },
          "attributes": {
            "src": "mult.v:76.15-76.25"
          },
          "port_directions": {
            "A": "input",
            "B": "input",
            "Y": "output"
          },
          "connections": {
            "A": [ 6, 7, 8, 9, 10, 11, 12, 13, 14, 15, 16, 17, 18, 19, 20, 21, 22, 23, 24, 25, 26, 27, 28, 29, 30, 31, 32, 33, 34, 35, 36, 37 ],
            "B": [ 70, 71, 72, 73, 74, 75, 76, 77, 78, 79, 80, 81, 82, 83, 84, 85 ],
            "Y": [ 86, 87, 88, 89, 90, 91, 92, 93, 94, 95, 96, 97, 98, 99, 100, 101, 102, 103, 104, 105, 106, 107, 108, 109, 110, 111, 112, 113, 114, 115, 116, 117 ]
          }
        },
        "$add$mult.v:83$6": {
          "hide_name": 1,
          "type": "$add",
          "parameters": {
            "A_SIGNED": "00000000000000000000000000000000",
            "A_WIDTH": "00000000000000000000000000000101",
            "B_SIGNED": "00000000000000000000000000000000",
            "B_WIDTH": "00000000000000000000000000000001",
            "Y_WIDTH": "00000000000000000000000000000101"
          },
          "attributes": {
            "src": "mult.v:83.13-83.22"
          },
          "port_directions": {
            "A": "input",
            "B": "input",
            "Y": "output"
          },
          "connections": {
            "A": [ 118, 119, 120, 121, 122 ],
            "B": [ "1" ],
            "Y": [ 123, 124, 125, 126, 127 ]
          }
        },
        "$auto$opt_reduce.cc:128:opt_mux$87": {
          "hide_name": 1,
          "type": "$reduce_or",
          "parameters": {
            "A_SIGNED": "00000000000000000000000000000000",
            "A_WIDTH": "00000000000000000000000000000010",
            "Y_WIDTH": "00000000000000000000000000000001"
          },
          "attributes": {
          },
          "port_directions": {
            "A": "input",
            "Y": "output"
          },
          "connections": {
            "A": [ 128, 129 ],
            "Y": [ 130 ]
          }
        },
        "$auto$opt_reduce.cc:128:opt_mux$89": {
          "hide_name": 1,
          "type": "$reduce_or",
          "parameters": {
            "A_SIGNED": "00000000000000000000000000000000",
            "A_WIDTH": "00000000000000000000000000000100",
            "Y_WIDTH": "00000000000000000000000000000001"
          },
          "attributes": {
          },
          "port_directions": {
            "A": "input",
            "Y": "output"
          },
          "connections": {
            "A": [ 131, 128, 132, 129 ],
            "Y": [ 133 ]
          }
        },
        "$auto$proc_dff.cc:332:proc_dff$75": {
          "hide_name": 1,
          "type": "$mux",
          "parameters": {
            "WIDTH": "00000000000000000000000000010000"
          },
          "attributes": {
          },
          "port_directions": {
            "A": "input",
            "B": "input",
            "S": "input",
            "Y": "output"
          },
          "connections": {
            "A": [ 134, 135, 136, 137, 138, 139, 140, 141, 142, 143, 144, 145, 146, 147, 148, 149 ],
            "B": [ 70, 71, 72, 73, 74, 75, 76, 77, 78, 79, 80, 81, 82, 83, 84, 85 ],
            "S": [ 2 ],
            "Y": [ 150, 151, 152, 153, 154, 155, 156, 157, 158, 159, 160, 161, 162, 163, 164, 165 ]
          }
        },
        "$auto$proc_dff.cc:332:proc_dff$78": {
          "hide_name": 1,
          "type": "$mux",
          "parameters": {
            "WIDTH": "00000000000000000000000000010000"
          },
          "attributes": {
          },
          "port_directions": {
            "A": "input",
            "B": "input",
            "S": "input",
            "Y": "output"
          },
          "connections": {
            "A": [ 166, 167, 168, 169, 170, 171, 172, 173, 174, 175, 176, 177, 178, 179, 180, 181 ],
            "B": [ 182, 183, 184, 185, 186, 187, 188, 189, 190, 191, 192, 193, 194, 195, 196, 197 ],
            "S": [ 2 ],
            "Y": [ 198, 199, 200, 201, 202, 203, 204, 205, 206, 207, 208, 209, 210, 211, 212, 213 ]
          }
        },
        "$auto$proc_dff.cc:332:proc_dff$84": {
          "hide_name": 1,
          "type": "$mux",
          "parameters": {
            "WIDTH": "00000000000000000000000000000101"
          },
          "attributes": {
          },
          "port_directions": {
            "A": "input",
            "B": "input",
            "S": "input",
            "Y": "output"
          },
          "connections": {
            "A": [ 214, 215, 216, 217, 218 ],
            "B": [ 118, 119, 120, 121, 122 ],
            "S": [ 2 ],
            "Y": [ 219, 220, 221, 222, 223 ]
          }
        },
        "$eq$mult.v:69$4": {
          "hide_name": 1,
          "type": "$logic_not",
          "parameters": {
            "A_SIGNED": "00000000000000000000000000000000",
            "A_WIDTH": "00000000000000000000000000010000",
            "Y_WIDTH": "00000000000000000000000000000001"
          },
          "attributes": {
            "src": "mult.v:69.8-69.12"
          },
          "port_directions": {
            "A": "input",
            "Y": "output"
          },
          "connections": {
            "A": [ 183, 184, 185, 186, 187, 188, 189, 190, 191, 192, 193, 194, 195, 196, 197, "0" ],
            "Y": [ 224 ]
          }
        },
        "$gt$mult.v:84$7": {
          "hide_name": 1,
          "type": "$gt",
          "parameters": {
            "A_SIGNED": "00000000000000000000000000000000",
            "A_WIDTH": "00000000000000000000000000000101",
            "B_SIGNED": "00000000000000000000000000000000",
            "B_WIDTH": "00000000000000000000000000000101",
            "Y_WIDTH": "00000000000000000000000000000001"
          },
          "attributes": {
            "src": "mult.v:84.14-84.22"
          },
          "port_directions": {
            "A": "input",
            "B": "input",
            "Y": "output"
          },
          "connections": {
            "A": [ 123, 124, 125, 126, 127 ],
            "B": [ "1", "0", "1", "1", "1" ],
            "Y": [ 225 ]
          }
        },
        "$procdff$77": {
          "hide_name": 1,
          "type": "$dff",
          "parameters": {
            "CLK_POLARITY": "1",
            "WIDTH": "00000000000000000000000000010000"
          },
          "attributes": {
            "src": "mult.v:32.1-91.4"
          },
          "port_directions": {
            "CLK": "input",
            "D": "input",
            "Q": "output"
          },
          "connections": {
            "CLK": [ 3 ],
            "D": [ 150, 151, 152, 153, 154, 155, 156, 157, 158, 159, 160, 161, 162, 163, 164, 165 ],
            "Q": [ 70, 71, 72, 73, 74, 75, 76, 77, 78, 79, 80, 81, 82, 83, 84, 85 ]
          }
        },
        "$procdff$80": {
          "hide_name": 1,
          "type": "$dff",
          "parameters": {
            "CLK_POLARITY": "1",
            "WIDTH": "00000000000000000000000000010000"
          },
          "attributes": {
            "src": "mult.v:32.1-91.4"
          },
          "port_directions": {
            "CLK": "input",
            "D": "input",
            "Q": "output"
          },
          "connections": {
            "CLK": [ 3 ],
            "D": [ 198, 199, 200, 201, 202, 203, 204, 205, 206, 207, 208, 209, 210, 211, 212, 213 ],
            "Q": [ 182, 183, 184, 185, 186, 187, 188, 189, 190, 191, 192, 193, 194, 195, 196, 197 ]
          }
        },
        "$procdff$81": {
          "hide_name": 1,
          "type": "$adff",
          "parameters": {
            "ARST_POLARITY": "1",
            "ARST_VALUE": "0",
            "CLK_POLARITY": "1",
            "WIDTH": "00000000000000000000000000000001"
          },
          "attributes": {
            "src": "mult.v:32.1-91.4"
          },
          "port_directions": {
            "ARST": "input",
            "CLK": "input",
            "D": "input",
            "Q": "output"
          },
          "connections": {
            "ARST": [ 2 ],
            "CLK": [ 3 ],
            "D": [ 226 ],
            "Q": [ 5 ]
          }
        },
        "$procdff$82": {
          "hide_name": 1,
          "type": "$adff",
          "parameters": {
            "ARST_POLARITY": "1",
            "ARST_VALUE": "00000000000000000000000000000000",
            "CLK_POLARITY": "1",
            "WIDTH": "00000000000000000000000000100000"
          },
          "attributes": {
            "src": "mult.v:32.1-91.4"
          },
          "port_directions": {
            "ARST": "input",
            "CLK": "input",
            "D": "input",
            "Q": "output"
          },
          "connections": {
            "ARST": [ 2 ],
            "CLK": [ 3 ],
            "D": [ 227, 228, 229, 230, 231, 232, 233, 234, 235, 236, 237, 238, 239, 240, 241, 242, 243, 244, 245, 246, 247, 248, 249, 250, 251, 252, 253, 254, 255, 256, 257, 258 ],
            "Q": [ 6, 7, 8, 9, 10, 11, 12, 13, 14, 15, 16, 17, 18, 19, 20, 21, 22, 23, 24, 25, 26, 27, 28, 29, 30, 31, 32, 33, 34, 35, 36, 37 ]
          }
        },
        "$procdff$83": {
          "hide_name": 1,
          "type": "$adff",
          "parameters": {
            "ARST_POLARITY": "1",
            "ARST_VALUE": "000",
            "CLK_POLARITY": "1",
            "WIDTH": "00000000000000000000000000000011"
          },
          "attributes": {
            "src": "mult.v:32.1-91.4"
          },
          "port_directions": {
            "ARST": "input",
            "CLK": "input",
            "D": "input",
            "Q": "output"
          },
          "connections": {
            "ARST": [ 2 ],
            "CLK": [ 3 ],
            "D": [ 259, 260, 261 ],
            "Q": [ 262, 263, 264 ]
          }
        },
        "$procdff$86": {
          "hide_name": 1,
          "type": "$dff",
          "parameters": {
            "CLK_POLARITY": "1",
            "WIDTH": "00000000000000000000000000000101"
          },
          "attributes": {
            "src": "mult.v:32.1-91.4"
          },
          "port_directions": {
            "CLK": "input",
            "D": "input",
            "Q": "output"
          },
          "connections": {
            "CLK": [ 3 ],
            "D": [ 219, 220, 221, 222, 223 ],
            "Q": [ 118, 119, 120, 121, 122 ]
          }
        },
        "$procmux$14": {
          "hide_name": 1,
          "type": "$mux",
          "parameters": {
            "WIDTH": "00000000000000000000000000000011"
          },
          "attributes": {
            "full_case": "00000000000000000000000000000001",
            "src": "mult.v:69.8-69.12|mult.v:69.5-72.20"
          },
          "port_directions": {
            "A": "input",
            "B": "input",
            "S": "input",
            "Y": "output"
          },
          "connections": {
            "A": [ "1", "0", "0" ],
            "B": [ "0", "0", "1" ],
            "S": [ 224 ],
            "Y": [ 265, 266, 267 ]
          }
        },
        "$procmux$17_CMP0": {
          "hide_name": 1,
          "type": "$eq",
          "parameters": {
            "A_SIGNED": "00000000000000000000000000000000",
            "A_WIDTH": "00000000000000000000000000000011",
            "B_SIGNED": "00000000000000000000000000000000",
            "B_WIDTH": "00000000000000000000000000000010",
            "Y_WIDTH": "00000000000000000000000000000001"
          },
          "attributes": {
            "full_case": "00000000000000000000000000000001",
            "src": "mult.v:0.0-0.0|mult.v:39.3-89.10"
          },
          "port_directions": {
            "A": "input",
            "B": "input",
            "Y": "output"
          },
          "connections": {
            "A": [ 262, 263, 264 ],
            "B": [ "0", "1" ],
            "Y": [ 131 ]
          }
        },
        "$procmux$23": {
          "hide_name": 1,
          "type": "$mux",
          "parameters": {
            "WIDTH": "00000000000000000000000000000001"
          },
          "attributes": {
            "full_case": "00000000000000000000000000000001",
            "src": "mult.v:59.8-59.12|mult.v:59.5-62.20"
          },
          "port_directions": {
            "A": "input",
            "B": "input",
            "S": "input",
            "Y": "output"
          },
          "connections": {
            "A": [ "0" ],
            "B": [ "1" ],
            "S": [ 182 ],
            "Y": [ 268 ]
          }
        },
        "$procmux$26_CMP0": {
          "hide_name": 1,
          "type": "$eq",
          "parameters": {
            "A_SIGNED": "00000000000000000000000000000000",
            "A_WIDTH": "00000000000000000000000000000011",
            "B_SIGNED": "00000000000000000000000000000000",
            "B_WIDTH": "00000000000000000000000000000001",
            "Y_WIDTH": "00000000000000000000000000000001"
          },
          "attributes": {
            "full_case": "00000000000000000000000000000001",
            "src": "mult.v:0.0-0.0|mult.v:39.3-89.10"
          },
          "port_directions": {
            "A": "input",
            "B": "input",
            "Y": "output"
          },
          "connections": {
            "A": [ 262, 263, 264 ],
            "B": [ "1" ],
            "Y": [ 269 ]
          }
        },
        "$procmux$34": {
          "hide_name": 1,
          "type": "$mux",
          "parameters": {
            "WIDTH": "00000000000000000000000000000011"
          },
          "attributes": {
            "full_case": "00000000000000000000000000000001",
            "src": "mult.v:44.8-44.12|mult.v:44.5-47.20"
          },
          "port_directions": {
            "A": "input",
            "B": "input",
            "S": "input",
            "Y": "output"
          },
          "connections": {
            "A": [ "0", "0", "0" ],
            "B": [ "1", "0", "1" ],
            "S": [ 4 ],
            "Y": [ 270, 271, 272 ]
          }
        },
        "$procmux$37_CMP0": {
          "hide_name": 1,
          "type": "$logic_not",
          "parameters": {
            "A_SIGNED": "00000000000000000000000000000000",
            "A_WIDTH": "00000000000000000000000000000011",
            "Y_WIDTH": "00000000000000000000000000000001"
          },
          "attributes": {
            "full_case": "00000000000000000000000000000001",
            "src": "mult.v:0.0-0.0|mult.v:39.3-89.10"
          },
          "port_directions": {
            "A": "input",
            "Y": "output"
          },
          "connections": {
            "A": [ 262, 263, 264 ],
            "Y": [ 128 ]
          }
        },
        "$procmux$39": {
          "hide_name": 1,
          "type": "$pmux",
          "parameters": {
            "S_WIDTH": "00000000000000000000000000000110",
            "WIDTH": "00000000000000000000000000000011"
          },
          "attributes": {
            "full_case": "00000000000000000000000000000001",
            "src": "mult.v:0.0-0.0|mult.v:39.3-89.10"
          },
          "port_directions": {
            "A": "input",
            "B": "input",
            "S": "input",
            "Y": "output"
          },
          "connections": {
            "A": [ "0", "0", "0" ],
            "B": [ 273, 274, 275, "0", "1", "0", 265, 266, 267, 268, "1", "0", "1", "0", "0", 270, 271, 272 ],
            "S": [ 276, 132, 131, 269, 129, 128 ],
            "Y": [ 259, 260, 261 ]
          }
        },
        "$procmux$40_CMP0": {
          "hide_name": 1,
          "type": "$eq",
          "parameters": {
            "A_SIGNED": "00000000000000000000000000000000",
            "A_WIDTH": "00000000000000000000000000000011",
            "B_SIGNED": "00000000000000000000000000000000",
            "B_WIDTH": "00000000000000000000000000000011",
            "Y_WIDTH": "00000000000000000000000000000001"
          },
          "attributes": {
            "full_case": "00000000000000000000000000000001",
            "src": "mult.v:0.0-0.0|mult.v:39.3-89.10"
          },
          "port_directions": {
            "A": "input",
            "B": "input",
            "Y": "output"
          },
          "connections": {
            "A": [ 262, 263, 264 ],
            "B": [ "0", "0", "1" ],
            "Y": [ 276 ]
          }
        },
        "$procmux$41_CMP0": {
          "hide_name": 1,
          "type": "$eq",
          "parameters": {
            "A_SIGNED": "00000000000000000000000000000000",
            "A_WIDTH": "00000000000000000000000000000011",
            "B_SIGNED": "00000000000000000000000000000000",
            "B_WIDTH": "00000000000000000000000000000010",
            "Y_WIDTH": "00000000000000000000000000000001"
          },
          "attributes": {
            "full_case": "00000000000000000000000000000001",
            "src": "mult.v:0.0-0.0|mult.v:39.3-89.10"
          },
          "port_directions": {
            "A": "input",
            "B": "input",
            "Y": "output"
          },
          "connections": {
            "A": [ 262, 263, 264 ],
            "B": [ "1", "1" ],
            "Y": [ 132 ]
          }
        },
        "$procmux$44_CMP0": {
          "hide_name": 1,
          "type": "$eq",
          "parameters": {
            "A_SIGNED": "00000000000000000000000000000000",
            "A_WIDTH": "00000000000000000000000000000011",
            "B_SIGNED": "00000000000000000000000000000000",
            "B_WIDTH": "00000000000000000000000000000011",
            "Y_WIDTH": "00000000000000000000000000000001"
          },
          "attributes": {
            "full_case": "00000000000000000000000000000001",
            "src": "mult.v:0.0-0.0|mult.v:39.3-89.10"
          },
          "port_directions": {
            "A": "input",
            "B": "input",
            "Y": "output"
          },
          "connections": {
            "A": [ 262, 263, 264 ],
            "B": [ "1", "0", "1" ],
            "Y": [ 129 ]
          }
        },
        "$procmux$48": {
          "hide_name": 1,
          "type": "$pmux",
          "parameters": {
            "S_WIDTH": "00000000000000000000000000000010",
            "WIDTH": "00000000000000000000000000100000"
          },
          "attributes": {
            "full_case": "00000000000000000000000000000001",
            "src": "mult.v:0.0-0.0|mult.v:39.3-89.10"
          },
          "port_directions": {
            "A": "input",
            "B": "input",
            "S": "input",
            "Y": "output"
          },
          "connections": {
            "A": [ 6, 7, 8, 9, 10, 11, 12, 13, 14, 15, 16, 17, 18, 19, 20, 21, 22, 23, 24, 25, 26, 27, 28, 29, 30, 31, 32, 33, 34, 35, 36, 37 ],
            "B": [ 86, 87, 88, 89, 90, 91, 92, 93, 94, 95, 96, 97, 98, 99, 100, 101, 102, 103, 104, 105, 106, 107, 108, 109, 110, 111, 112, 113, 114, 115, 116, 117, "0", "0", "0", "0", "0", "0", "0", "0", "0", "0", "0", "0", "0", "0", "0", "0", "0", "0", "0", "0", "0", "0", "0", "0", "0", "0", "0", "0", "0", "0", "0", "0" ],
            "S": [ 132, 130 ],
            "Y": [ 227, 228, 229, 230, 231, 232, 233, 234, 235, 236, 237, 238, 239, 240, 241, 242, 243, 244, 245, 246, 247, 248, 249, 250, 251, 252, 253, 254, 255, 256, 257, 258 ]
          }
        },
        "$procmux$53": {
          "hide_name": 1,
          "type": "$pmux",
          "parameters": {
            "S_WIDTH": "00000000000000000000000000000010",
            "WIDTH": "00000000000000000000000000000001"
          },
          "attributes": {
            "full_case": "00000000000000000000000000000001",
            "src": "mult.v:0.0-0.0|mult.v:39.3-89.10"
          },
          "port_directions": {
            "A": "input",
            "B": "input",
            "S": "input",
            "Y": "output"
          },
          "connections": {
            "A": [ 5 ],
            "B": [ "1", "0" ],
            "S": [ 276, 133 ],
            "Y": [ 226 ]
          }
        },
        "$procmux$60": {
          "hide_name": 1,
          "type": "$pmux",
          "parameters": {
            "S_WIDTH": "00000000000000000000000000000010",
            "WIDTH": "00000000000000000000000000000101"
          },
          "attributes": {
            "full_case": "00000000000000000000000000000001",
            "src": "mult.v:0.0-0.0|mult.v:39.3-89.10"
          },
          "port_directions": {
            "A": "input",
            "B": "input",
            "S": "input",
            "Y": "output"
          },
          "connections": {
            "A": [ 118, 119, 120, 121, 122 ],
            "B": [ 123, 124, 125, 126, 127, "0", "0", "0", "0", "0" ],
            "S": [ 276, 128 ],
            "Y": [ 214, 215, 216, 217, 218 ]
          }
        },
        "$procmux$66": {
          "hide_name": 1,
          "type": "$pmux",
          "parameters": {
            "S_WIDTH": "00000000000000000000000000000010",
            "WIDTH": "00000000000000000000000000010000"
          },
          "attributes": {
            "full_case": "00000000000000000000000000000001",
            "src": "mult.v:0.0-0.0|mult.v:39.3-89.10"
          },
          "port_directions": {
            "A": "input",
            "B": "input",
            "S": "input",
            "Y": "output"
          },
          "connections": {
            "A": [ 182, 183, 184, 185, 186, 187, 188, 189, 190, 191, 192, 193, 194, 195, 196, 197 ],
            "B": [ 183, 184, 185, 186, 187, 188, 189, 190, 191, 192, 193, 194, 195, 196, 197, "0", 54, 55, 56, 57, 58, 59, 60, 61, 62, 63, 64, 65, 66, 67, 68, 69 ],
            "S": [ 131, 129 ],
            "Y": [ 166, 167, 168, 169, 170, 171, 172, 173, 174, 175, 176, 177, 178, 179, 180, 181 ]
          }
        },
        "$procmux$72": {
          "hide_name": 1,
          "type": "$pmux",
          "parameters": {
            "S_WIDTH": "00000000000000000000000000000010",
            "WIDTH": "00000000000000000000000000010000"
          },
          "attributes": {
            "full_case": "00000000000000000000000000000001",
            "src": "mult.v:0.0-0.0|mult.v:39.3-89.10"
          },
          "port_directions": {
            "A": "input",
            "B": "input",
            "S": "input",
            "Y": "output"
          },
          "connections": {
            "A": [ 70, 71, 72, 73, 74, 75, 76, 77, 78, 79, 80, 81, 82, 83, 84, 85 ],
            "B": [ "0", 70, 71, 72, 73, 74, 75, 76, 77, 78, 79, 80, 81, 82, 83, 84, 38, 39, 40, 41, 42, 43, 44, 45, 46, 47, 48, 49, 50, 51, 52, 53 ],
            "S": [ 131, 129 ],
            "Y": [ 134, 135, 136, 137, 138, 139, 140, 141, 142, 143, 144, 145, 146, 147, 148, 149 ]
          }
        },
        "$ternary$mult.v:84$8": {
          "hide_name": 1,
          "type": "$mux",
          "parameters": {
            "WIDTH": "00000000000000000000000000000011"
          },
          "attributes": {
            "src": "mult.v:84.13-84.37"
          },
          "port_directions": {
            "A": "input",
            "B": "input",
            "S": "input",
            "Y": "output"
          },
          "connections": {
            "A": [ "0", "0", "1" ],
            "B": [ "0", "0", "0" ],
            "S": [ 225 ],
            "Y": [ 273, 274, 275 ]
          }
        }
      },
      "netnames": {
        "$0\\A[15:0]": {
          "hide_name": 1,
          "bits": [ 134, 135, 136, 137, 138, 139, 140, 141, 142, 143, 144, 145, 146, 147, 148, 149 ],
          "attributes": {
            "src": "mult.v:32.1-91.4"
          }
        },
        "$0\\B[15:0]": {
          "hide_name": 1,
          "bits": [ 166, 167, 168, 169, 170, 171, 172, 173, 174, 175, 176, 177, 178, 179, 180, 181 ],
          "attributes": {
            "src": "mult.v:32.1-91.4"
          }
        },
        "$0\\count[4:0]": {
          "hide_name": 1,
          "bits": [ 214, 215, 216, 217, 218 ],
          "attributes": {
            "src": "mult.v:32.1-91.4"
          }
        },
        "$0\\done[0:0]": {
          "hide_name": 1,
          "bits": [ 226 ],
          "attributes": {
            "src": "mult.v:32.1-91.4"
          }
        },
        "$0\\result[31:0]": {
          "hide_name": 1,
          "bits": [ 227, 228, 229, 230, 231, 232, 233, 234, 235, 236, 237, 238, 239, 240, 241, 242, 243, 244, 245, 246, 247, 248, 249, 250, 251, 252, 253, 254, 255, 256, 257, 258 ],
          "attributes": {
            "src": "mult.v:32.1-91.4"
          }
        },
        "$0\\state[2:0]": {
          "hide_name": 1,
          "bits": [ 259, 260, 261 ],
          "attributes": {
            "src": "mult.v:32.1-91.4"
          }
        },
        "$3\\state[2:0]": {
          "hide_name": 1,
          "bits": [ 270, 271, 272 ],
          "attributes": {
            "src": "mult.v:32.1-91.4"
          }
        },
        "$4\\state[2:0]": {
          "hide_name": 1,
          "bits": [ 268 ],
          "attributes": {
          }
        },
        "$5\\state[2:0]": {
          "hide_name": 1,
          "bits": [ 265, 266, 267 ],
          "attributes": {
            "src": "mult.v:32.1-91.4"
          }
        },
        "$add$mult.v:76$5_Y": {
          "hide_name": 1,
          "bits": [ 86, 87, 88, 89, 90, 91, 92, 93, 94, 95, 96, 97, 98, 99, 100, 101, 102, 103, 104, 105, 106, 107, 108, 109, 110, 111, 112, 113, 114, 115, 116, 117 ],
          "attributes": {
            "src": "mult.v:76.15-76.25"
          }
        },
        "$add$mult.v:83$6_Y": {
          "hide_name": 1,
          "bits": [ 123, 124, 125, 126, 127 ],
          "attributes": {
          }
        },
        "$auto$opt_reduce.cc:134:opt_mux$88": {
          "hide_name": 1,
          "bits": [ 130 ],
          "attributes": {
          }
        },
        "$auto$opt_reduce.cc:134:opt_mux$90": {
          "hide_name": 1,
          "bits": [ 133 ],
          "attributes": {
          }
        },
        "$auto$rtlil.cc:2360:Mux$76": {
          "hide_name": 1,
          "bits": [ 150, 151, 152, 153, 154, 155, 156, 157, 158, 159, 160, 161, 162, 163, 164, 165 ],
          "attributes": {
          }
        },
        "$auto$rtlil.cc:2360:Mux$79": {
          "hide_name": 1,
          "bits": [ 198, 199, 200, 201, 202, 203, 204, 205, 206, 207, 208, 209, 210, 211, 212, 213 ],
          "attributes": {
          }
        },
        "$auto$rtlil.cc:2360:Mux$85": {
          "hide_name": 1,
          "bits": [ 219, 220, 221, 222, 223 ],
          "attributes": {
          }
        },
        "$eq$mult.v:69$4_Y": {
          "hide_name": 1,
          "bits": [ 224 ],
          "attributes": {
            "src": "mult.v:69.8-69.12"
          }
        },
        "$gt$mult.v:84$7_Y": {
          "hide_name": 1,
          "bits": [ 225 ],
          "attributes": {
            "src": "mult.v:84.14-84.22"
          }
        },
        "$procmux$17_CMP": {
          "hide_name": 1,
          "bits": [ 131 ],
          "attributes": {
          }
        },
        "$procmux$26_CMP": {
          "hide_name": 1,
          "bits": [ 269 ],
          "attributes": {
          }
        },
        "$procmux$37_CMP": {
          "hide_name": 1,
          "bits": [ 128 ],
          "attributes": {
          }
        },
        "$procmux$40_CMP": {
          "hide_name": 1,
          "bits": [ 276 ],
          "attributes": {
          }
        },
        "$procmux$41_CMP": {
          "hide_name": 1,
          "bits": [ 132 ],
          "attributes": {
          }
        },
        "$procmux$44_CMP": {
          "hide_name": 1,
          "bits": [ 129 ],
          "attributes": {
          }
        },
        "$ternary$mult.v:84$8_Y": {
          "hide_name": 1,
          "bits": [ 273, 274, 275 ],
          "attributes": {
            "src": "mult.v:84.13-84.37"
          }
        },
        "A": {
          "hide_name": 0,
          "bits": [ 70, 71, 72, 73, 74, 75, 76, 77, 78, 79, 80, 81, 82, 83, 84, 85 ],
          "attributes": {
            "src": "mult.v:21.12-21.13"
          }
        },
        "B": {
          "hide_name": 0,
          "bits": [ 182, 183, 184, 185, 186, 187, 188, 189, 190, 191, 192, 193, 194, 195, 196, 197 ],
          "attributes": {
            "src": "mult.v:22.12-22.13"
          }
        },
        "clk": {
          "hide_name": 0,
          "bits": [ 3 ],
          "attributes": {
            "src": "mult.v:3.21-3.24"
          }
        },
        "count": {
          "hide_name": 0,
          "bits": [ 118, 119, 120, 121, 122 ],
          "attributes": {
            "src": "mult.v:30.12-30.17"
          }
        },
        "done": {
          "hide_name": 0,
          "bits": [ 5 ],
          "attributes": {
            "init": "0",
            "src": "mult.v:6.21-6.25"
          }
        },
        "init": {
          "hide_name": 0,
          "bits": [ 4 ],
          "attributes": {
            "src": "mult.v:5.21-5.25"
          }
        },
        "op_A": {
          "hide_name": 0,
          "bits": [ 38, 39, 40, 41, 42, 43, 44, 45, 46, 47, 48, 49, 50, 51, 52, 53 ],
          "attributes": {
            "src": "mult.v:9.21-9.25"
          }
        },
        "op_B": {
          "hide_name": 0,
          "bits": [ 54, 55, 56, 57, 58, 59, 60, 61, 62, 63, 64, 65, 66, 67, 68, 69 ],
          "attributes": {
            "src": "mult.v:10.21-10.25"
          }
        },
        "reset": {
          "hide_name": 0,
          "bits": [ 2 ],
          "attributes": {
            "src": "mult.v:2.21-2.26"
          }
        },
        "result": {
          "hide_name": 0,
          "bits": [ 6, 7, 8, 9, 10, 11, 12, 13, 14, 15, 16, 17, 18, 19, 20, 21, 22, 23, 24, 25, 26, 27, 28, 29, 30, 31, 32, 33, 34, 35, 36, 37 ],
          "attributes": {
            "init": "00000000000000000000000000000000",
            "src": "mult.v:8.21-8.27"
          }
        },
        "state": {
          "hide_name": 0,
          "bits": [ 262, 263, 264 ],
          "attributes": {
            "src": "mult.v:20.12-20.17"
          }
        }
      }
    }
  }
}
